CLocus_1002761_180,G,A,TGTTGTGAATGAA,TGTTGTAAATGAA,TGCTCAGATTTGTAAAAGCTCCT,0,0
CLocus_10129_76,C,T,CACCGCCGCAGGC,CACCGCTGCAGGC,CCAGGGACGTGCTCAAGC,0,0
CLocus_1020801_178,A,G,TGATTCAGTGCCC,TGATTCGGTGCCC,TTCTTCTGGAGATCCTGCAACA,0,0
CLocus_10426_46,C,T,TCAGTTCGATGAA,TCAGTTTGATGAA,TGACCACATCGAAGACGTTTCA,0,0
CLocus_104687_101,C,T,TGCAGGCCATATG,TGCAGGTCATATG,CGCTGCCTCCGCTTCTTG,0,0
CLocus_105606_42,G,A,TCCCACGACTGTG,TCCCACAACTGTG,CTGGCTGGAAATCCTCCCAC,0,0
CLocus_1061_105,T,C,ACTAGTTTGTACT,ACTAGTCTGTACT,AGTGTTTCTGTGGTGGTTAGCT,0,0
CLocus_1114_245,A,G,ATACGTACTACTA,ATACGTGCTACTA,CGGGTCGTTCGTGTTTGAAC,0,0
CLocus_112695_138,A,C,CAAAACAGATCAC,CAAAACCGATCAC,GCTGAGATTCTCCAGCCATCA,0,0
CLocus_11299_134,G,C,ATGG.TGGACGTA,ATGG.TCGACGTA,TGAATCCGTTGGTTTCGTCCT,0,0
CLocus_113187_240,T,C,TCATATTTAGAGA,TCATATCTAGAGA,TTGTTAATCGGAATCTTCAAATGCA,0,0
CLocus_11408_55,C,T,CGTTGGCGAGATC,CGTTGGTGAGATC,TGATCGCCTCGGTCAATCG,0,0
CLocus_1144_109,G,C,CCGAGTGACACCC,CCGAGTCACACCC,AATGATGGCCAGGAGCTGAG,0,0
CLocus_1150_141,T,A,TTCTGCTGTTTTG,TTCTGCAGTTTTG,CGCCAAGTGGATCCAGTGTT,0,0
CLocus_11572_102,A,C,GGGCTGACATGGC,GGGCTGCCATGGC,ATGGCAAGATGGTCACCTCC,0,0
CLocus_1160_112,C,T,CGTCCACCTCCAG,CGTCCATCTCCAG,TTCACCGACCAGGAGGAGAA,0,0
CLocus_117_221,C,T,AT.TTACGAGATG,AT.TTATGAGATG,CTCCTCACCGAGTCGTGAAC,0,0
CLocus_11839_59,T,C,CGATGCTCTTGTT,CGATGCCCTTGTT,GCACCATGGCCTGAAAATCC,0,0
CLocus_11964_77,T,A,GTGCACTAGTATA,GTGCACAAGTATA,AGCTCAGCGACTAAAATGGATCT,0,0
CLocus_12057_52,T,A,TCCGGGTGAGGGA,TCCGGGAGAGGGA,AAGATGAACCGCAGAGAGCC,0,0
CLocus_1208_194,T,C,AAGCGATTGACCA,AAGCGACTGACCA,TTGCTGAGACTCCCGTGTTC,0,0
CLocus_1213_99,T,G,TATAGGTTAGTGA,TATAGGGTAGTGA,TGCCAGAGAGTTTGCCATGG,0,0
CLocus_124_49,C,T,GTCTTACCCTGAT,GTCTTATCCTGAT,CTCTTGTGGAGCCTTTCGGT,0,0
CLocus_1252_94,T,A,AAAATGTAGGGGC,AAAATGAAGGGGC,ACCAGAGAGAAAGAATGAGACCT,0,0
CLocus_125446_75,C,T,GTACCGCATATAG,GTACCGTATATAG,TGATGCAAAGACACCATCCGA,0,0
CLocus_126241_158,C,T,ACTGTCCTCTCCT,ACTGTCTTCTCCT,TGCCGTCCTTGAGAACTGTC,0,0
CLocus_126344_52,T,C,GACGTATGTGGAG,GACGTACGTGGAG,GCAGATAGCTATCTAGATGCAAAGA,0,0
CLocus_126590_89,G,A,TCTGCCGGCCGCG,TCTGCCAGCCGCG,GCTGCTGAGCTCAGTCGG,0,0
CLocus_127179_130,G,C,ATCTATGGGTTAC,ATCTATCGGTTAC,CTACGGAGAAGACAAGGATGAGG,0,0
CLocus_128742_119,C,A,ATTATTCGGCATG,ATTATTAGGCATG,CATTTCAAGCTTCAACTACTTCACA,0,0
CLocus_12887_215,G,A,GATAAGGAATCCT,GATAAGAAATCCT,ACACACTGTTAGGCGTCTCG,0,0
CLocus_128882_77,G,A,GAGAAAGTATATA,GAGAAAATATATA,TGTCATGCGGTTTTGGAGAA,0,0
CLocus_12986_114,T,A,TCCATCTGTGCGT,TCCATCAGTGCGT,GCACAGTGTTCGGGTAATCC,0,0
CLocus_13082_132,A,G,CTACTTACTACTA,CTACTTGCTACTA,ACTTGCACATACATGACGCAG,0,0
CLocus_13123_78,C,T,GTGAGGCTTTCTC,GTGAGGTTTTCTC,GCGGGGCTTCATTGGAACAT,0,0
CLocus_1322_171,G,T,CTTTGAGGGCTAT,CTTTGATGGCTAT,TCTACGAGATAGGCCCTCTGG,0,0
CLocus_133061_111,G,C,AGT.AAGAAATCA,AGT.AACAAATCA,GAAGGAAGGAGAACAGTGAGCT,0,0
CLocus_133100_127,C,T,ATCCCACTGATTT,ATCCCATTGATTT,CTGCTCACCTCCTGCTTCAA,0,0
CLocus_13634_62,C,T,TATCTGCGTGTGT,TATCTGTGTGTGT,GCAGCCATTGTCAAACAGGA,0,0
CLocus_14046_64,C,T,GGCGGGCGTCGAA,GGCGGGTGTCGAA,TGGTCTCTGCCATGACTTGT,0,0
CLocus_14117_140,C,T,TTTTAGCAGGATT,TTTTAGTAGGATT,TGCCATGAGAAACCAAATGATTTCA,0,0
CLocus_141527_177,G,C,GTTGTAGGTTATA,GTTGTACGTTATA,CGAGGGCCATATTATTCATGAACC,0,0
CLocus_14192_100,G,C,TCCGCCGCGTCGC,TCCGCCCCGTCGC,CTTCGGCTTCGGATCTCTCC,0,0
CLocus_142284_120,A,G,CACCGAACTCCTC,CACCGAGCTCCTC,CGACGAACGAGTTTCATGCA,0,0
CLocus_145_134,C,A,AGTGCTCTTGGTC,AGTGCTATTGGTC,ATCTGCACAACTGGACCTGG,0,0
CLocus_1466_95,C,T,ACCAGCCGTGATT,ACCAGCTGTGATT,GCACTGGAACTGCGTCGC,0,0
CLocus_1467_122,C,T,GAATAACGTGTTT,GAATAATGTGTTT,CGAACAAAACACTGCGAGGA,0,0
CLocus_14729_245,G,A,GTGGTCGAGTGGT,GTGGTCAAGTGGT,AAATCTCCGGCTGTACGTGG,0,0
CLocus_1477_58,T,A,TCTCGCTGATGCG,TCTCGCAGATGCG,GAGTTTTTCCTCCTTGGCGT,0,0
CLocus_148167_124,C,G,TTTGTTCTGCATT,TTTGTTGTGCATT,ACAAGTTCAGATGACATCATTGGA,0,0
CLocus_148586_87,G,A,GCCGCCGGCGGTG,GCCGCCAGCGGTG,TCCCTGTCTATGCCTTAGTGG,0,0
CLocus_14970_219,G,T,ATTCAAGGTTCTT,ATTCAATGTTCTT,TGCAACATTTTTGGGTGAGGA,0,0
CLocus_1524_84,G,T,CCGAAAGATTCTG,CCGAAATATTCTG,TGGTCTTAAAGTAACTGAGCCGA,0,0
CLocus_152674_139,G,A,GTGGCTGTCATTT,GTGGCTATCATTT,TTTGGGAAGGCAGTGGCT,0,0
CLocus_154838_46,G,A,CTTCTAGCAAGA.,CTTCTAACAAGA.,ATAGCAGGCAGTACGGTTGG,0,0
CLocus_154839_142,T,C,ATAGGATTGGGAA,ATAGGACTGGGAA,GCGGGGATGCAACGGATAAT,0,0
CLocus_156666_79,C,T,ATATCACGAACTG,ATATCATGAACTG,GCAGCTACTTCCTCGATGGG,0,0
CLocus_158513_141,A,G,GAGAACACCG...,GAGAACGCCG...,GCGGCTTCACTGAAATCAAGA,0,0
CLocus_15891_101,G,A,AAAAACGTATAAA,AAAAACATATAAA,TCCTGTAGTCCACTTTGTAGCAC,0,0
CLocus_15956_83,G,A,ACCCAAGACGGAG,ACCCAAAACGGAG,ACTCTACTGCTAATGCTAATAACCC,0,0
CLocus_161208_237,T,A,CTGCGCTGCGCTG,CTGCGCAGCGCTG,CCGCCTTCTAGGATGGCTG,0,0
CLocus_161627_98,G,C,GCGAGTGTAAGAA,GCGAGTCTAAGAA,GTTGAGGTGCTCGAGCCAC,0,0
CLocus_162342_212,A,T,CAAAACAGGTAGT,CAAAACTGGTAGT,TTCCTGCCTACCCTCATAAGG,0,0
CLocus_16267_200,C,T,TACGGCCGTACAG,TACGGCTGTACAG,CTAAGACTGTTCCGGCTGCT,0,0
CLocus_16275_107,T,C,TTTTTGTCGTCAG,TTTTTGCCGTCAG,TCCTCCATGCTTCACGGTAC,0,0
CLocus_163322_97,C,T,GTTT.TCGGTACC,GTTT.TTGGTACC,ATGAACGGTCGTGCGAGAG,0,0
CLocus_165239_58,T,G,TTTGCCTCTAAGC,TTTGCCGCTAAGC,GACCGATGTTTTGTGTCTGCA,0,0
CLocus_16580_201,T,C,TGGTCCTTGTTGC,TGGTCCCTGTTGC,TGCATTTCGTATGGACTTAGTTCAC,0,0
CLocus_1658_96,A,G,CTGCTGACGTACT,CTGCTGGCGTACT,TTGAAGAACGCAATGTGGCTG,0,0
CLocus_16594_132,C,T,TTGCTCCTTACAA,TTGCTCTTTACAA,CGATTCGGGTTATCCAAATCGC,0,0
CLocus_16687_190,A,T,GTGTTGATCAATC,GTGTTGTTCAATC,ACCTTCCTTCTCGTGCAAGG,0,0
CLocus_167048_201,C,T,GACGTTCGCATTG,GACGTTTGCATTG,CAACTTCAGGACCGTGGTGA,0,0
CLocus_167570_202,G,A,ACCAAAGCAGCCT,ACCAAAACAGCCT,TCACTTCTTCAGCCTGTACCA,0,0
CLocus_1677_138,C,A,TAAATCCATTGTG,TAAATCAATTGTG,AGTCAGTTTCATTGAGCCGTT,0,0
CLocus_16851_79,C,G,TCGCCGCCCCCGA,TCGCCGGCCCCGA,GTCTCCGTTGTTGGGGAACT,0,0
CLocus_16860_56,C,T,CTTTTGCACGTCC,CTTTTGTACGTCC,CGAGGCGGGTGACGTTTG,0,0
CLocus_16_181,C,T,GGTTTTCAGATTA,GGTTTTTAGATTA,AACACCGGTTAGCGGAGTAC,0,0
CLocus_170599_120,T,A,AACTGCTCTTTTC,AACTGCACTTTTC,AGATGCTTACTTGCTGGTGCT,0,0
CLocus_170920_140,G,C,ATCTAGGTTAT..,ATCTAGCTTAT..,TCTACCAAATCAGTCAAACAGTGA,0,0
CLocus_171093_189,C,T,AGGCTGCCCGCTC,AGGCTGTCCGCTC,CGTGGTCGTTGGTGTAGAGT,0,0
CLocus_171359_71,T,C,ACCGCCTGGAGCA,ACCGCCCGGAGCA,CTCTCCCGCGTGCTCTAC,0,0
CLocus_1722_141,G,A,CAGACAGCACCGT,CAGACAACACCGT,TCCTTGGTGCGCCTGATATC,0,0
CLocus_173967_67,G,A,GCCGGTGGCGTGC,GCCGGTAGCGTGC,ATCATCGGCTGCGGTTCC,0,0
CLocus_1744_179,C,G,TGCCTCCGCTCTT,TGCCTCGGCTCTT,CTCACCCCCAAACGCTGT,0,0
CLocus_1745_198,G,A,CGGAGCGCGTCGG,CGGAGCACGTCGG,TCCTGTCTCAACAAGCGGAG,0,0
CLocus_1758_141,G,A,ACCTCGGTACGGC,ACCTCGATACGGC,CCGCTTACTGGTTCAAATCGC,0,0
CLocus_1766_55,G,T,TTGCTGGCCTCCG,TTGCTGTCCTCCG,AGGCTTATCGATCGGGTAGC,0,0
CLocus_1818459_71,C,A,GCCAAGCCACAAC,GCCAAGACACAAC,ACTCCTTCTCGGGCGAAATC,0,0
CLocus_1825_66,T,C,CCATGATAGATGG,CCATGACAGATGG,GTTTCGCTGTAGGCTCTCCA,0,0
CLocus_183564_45,G,A,TACGACGGCACTC,TACGACAGCACTC,TCGTTGTTGGTAGACGATACGA,0,0
CLocus_1850_48,C,T,CTCGATCGGAGAG,CTCGATTGGAGAG,CTGGTTCTTCCCGGTGCTT,0,0
CLocus_186015_228,G,T,TTTACTGACATCC,TTTACTTACATCC,CCGAACATTTAGCTCTTTCCTGT,0,0
CLocus_1876_179,C,A,GACGATCTGGCGT,GACGATATGGCGT,TTCCGTTGATCTAGCCGACG,0,0
CLocus_189502_122,C,T,CCAACTCATCCAC,CCAACTTATCCAC,GTGAGAGCTACCGAGTCTGC,0,0
CLocus_18_59,A,G,GCCACCACTTTCG,GCCACCGCTTTCG,AAAGGTAAGTCACGGCCACC,0,0
CLocus_190785_74,C,T,TGTTGGCAATGCT,TGTTGGTAATGCT,ATCCTCAGAGACCGGGTGG,0,0
CLocus_1927_249,T,A,ATAGACTAGTTGT,ATAGACAAGTTGT,AAGCTGCAGCCGTAAGACTT,0,0
CLocus_201892_100,G,C,AAAGCTGTACCGA,AAAGCTCTACCGA,TGCAGCTTCAGTACCAAGAACT,0,0
CLocus_203894_139,C,A,CC.AACCCCGACT,CC.AACACCGACT,TGTCTCGCTCTGCAAGGTAC,0,0
CLocus_204425_123,T,A,TCAAGTTT.CGTG,TCAAGTAT.CGTG,TGGGGACTTCTGTAACGTACA,0,0
CLocus_2059_226,T,A,GAAGAATAGTCTC,GAAGAAAAGTCTC,AGCTACGTTGTCAAGCTCAGT,0,0
CLocus_2063_127,A,T,CGCTTGACAAAGA,CGCTTGTCAAAGA,GACCAAACCAACACCCAAGC,0,0
CLocus_207387_134,A,G,GAATATAAGCGCT,GAATATGAGCGCT,TGAAAGCACACTTTATATCTCGGA,0,0
CLocus_208162_158,G,A,GAAGACGCGCGCA,GAAGACACGCGCA,TACGATCTGCAGCGTACACG,0,0
CLocus_2082_48,C,T,CAGCTTCGCCTCA,CAGCTTTGCCTCA,TCATTGCCATCTTGTTCCACA,0,0
CLocus_2094_162,C,T,ACCATTCAGATGG,ACCATTTAGATGG,AGTGTTCAGTAACAGTGGTGACA,0,0
CLocus_209911_114,A,G,.AAACAACATACT,.AAACAGCATACT,AGGGCGCATCACTATATGTATAGA,0,0
CLocus_2129_105,G,T,AAAAGGGTCCCAG,AAAAGGTTCCCAG,TTCACGAGGACAGCAAAAGG,0,0
CLocus_2136_208,G,A,GACCGCGTCGGCT,GACCGCATCGGCT,AGAATGCCAGGAGAGGGGAA,0,0
CLocus_2235_137,C,T,TGCAGACTACACC,TGCAGATTACACC,CAAGGATCCCTGTCCCCTTC,0,0
CLocus_225425_48,G,A,CACCTCGTAGAAC,CACCTCATAGAAC,CGATGATGCCCAGGTAGAGC,0,0
CLocus_225597_171,T,A,ACTACATGAATAA,ACTACAAGAATAA,ACCTCACCTAGCTATGTAAACAGA,0,0
CLocus_227758_104,G,A,CTACCGGTTTTTC,CTACCGATTTTTC,GTAGGCTCACGACTGCTACC,0,0
CLocus_2289_55,G,A,AGCGCAGCGGCCG,AGCGCAACGGCCG,GCAGTTCGACAAAGCCTAGC,0,0
CLocus_229819_51,T,G,CGGCGCTG.TGTT,CGGCGCGG.TGTT,CAAAGCCAAACACCCAGCTC,0,0
CLocus_230522_63,G,A,CTAGGAGCTCGCT,CTAGGAACTCGCT,CCTTCAGAATGTGCTGTTGCA,0,0
CLocus_23202_216,T,C,CTATTCTTTGTGT,CTATTCCTTGTGT,GCGAGGTGATACGTGAGCTA,0,0
CLocus_233692_53,G,C,.GAGCAGCAGGAG,.GAGCACCAGGAG,GATGGCCTATCGCGCTCC,0,0
CLocus_236016_42,G,C,TCCCTTGTGTCTC,TCCCTTCTGTCTC,CTGCAGCTCACCTCTGTCC,0,0
CLocus_236133_84,C,T,ATCGACCGCCTGC,ATCGACTGCCTGC,AGCGGGGGAAGCTACTCC,0,0
CLocus_23744_163,G,A,TGCCTGGAGACTT,TGCCTGAAGACTT,CGCCTCGGGTACAAACTTTTG,0,0
CLocus_237451_168,C,A,CGCCTGCTCATAT,CGCCTGATCATAT,TGCAAGCATTCTCGAGGACA,0,0
CLocus_2383_83,G,C,AAAACAGAATCAG,AAAACACAATCAG,TGCCAAGAAGTCACAGAACATG,0,0
CLocus_238817_66,G,T,TGAATCGGAGGGA,TGAATCTGAGGGA,GCGATACTTGCTGGAATGGC,0,0
CLocus_239183_115,G,A,GCCGC.GTGTACG,GCCGC.ATGTACG,TGCCTCTGCAACTTCTCCAC,0,0
CLocus_239632_80,C,T,CTGGTACTTTCAG,CTGGTATTTTCAG,CTCTGCCTCGAGACCTGGTA,0,0
CLocus_239941_51,A,T,TTTGACATGGATT,TTTGACTTGGATT,TCATCTCGCCCTAGCTCTCC,0,0
CLocus_240269_142,G,T,GTCGATGCCTGGC,GTCGATTCCTGGC,AGGATGTAGTAGGGCCGGTC,0,0
CLocus_24068_56,A,G,AGGGATATGTGGA,AGGGATGTGTGGA,CAAGGCACACAGGAAGGGAT,0,0
CLocus_241289_158,G,A,GCTTGCGTTGGTG,GCTTGCATTGGTG,ACAACATTATGGGATTTTAGCAGGA,0,0
CLocus_241865_81,G,T,GATTCGGATTTGA,GATTCGTATTTGA,GACGCCAAGAAGAAGAACGC,0,0
CLocus_241999_96,C,G,ATTTGACTCACAC,ATTTGAGTCACAC,ACAAAGCGTGAGTGAAGATCTT,0,0
CLocus_242331_64,A,C,TGATGAAGTCCGG,TGATGACGTCCGG,GAGGAGTTCGTGGCGATGAT,0,0
CLocus_242586_118,C,A,CTGATTCTATTGA,CTGATTATATTGA,TGAAGCCACCGGTGATGTTC,0,0
CLocus_242795_233,T,C,AGTGTATAAGTAG,AGTGTACAAGTAG,AAGCTTGATACCGTTGAAGTGT,0,0
CLocus_242946_86,C,T,CACTGGCGTCGAG,CACTGGTGTCGAG,CTTTCACACCGCCAACCTCT,0,0
CLocus_243019_137,G,A,CCTCCGGGGGTTG,CCTCCGAGGGTTG,AATCTTAAGCATATCACCCTCCG,0,0
CLocus_243028_76,C,A,GCGATGCGATGAT,GCGATGAGATGAT,GTTAGCGAGCCAAAGCCCTA,0,0
CLocus_243090_78,C,T,TCCGTGCTTGCTT,TCCGTGTTTGCTT,TCCACCGCATCATCAAGGTT,0,0
CLocus_243475_45,C,T,GTCGAGCTAGTAG,GTCGAGTTAGTAG,TGGCAGATGTCAAACTACAACA,0,0
CLocus_243544_136,C,T,TCCTCTCGCTCGT,TCCTCTTGCTCGT,AGGTGAACTCATGGCTCTGC,0,0
CLocus_243843_195,A,G,GTCCATATGTTCA,GTCCATGTGTTCA,GCATCTCAGGAACAAAAAGTCCA,0,0
CLocus_244049_61,T,C,GCGCCGTTATTCC,GCGCCGCTATTCC,CAGGAAACCTAGGACGCACC,0,0
CLocus_244949_142,C,A,CGATTTCAAAATC,CGATTTAAAAATC,TGGAGGTATGGGTTTTCGCG,0,0
CLocus_245698_149,C,T,ATGAAACGAAAAA,ATGAAATGAAAAA,AATACGACACACAGCCAGCA,0,0
CLocus_245869_99,G,C,GTTTGCGAATCCC,GTTTGCCAATCCC,GAAGATGCCCGTGCTCCTC,0,0
CLocus_246050_60,G,A,AAGGAAGATGATG,AAGGAAAATGATG,CGGCAGGCTAGACAAGGAA,0,0
CLocus_246063_65,G,A,TGCTTCGTTTTCC,TGCTTCATTTTCC,TCGCTCATCTTCTCCAACGC,0,0
CLocus_24632_234,T,G,ATACGGTTTTTCT,ATACGGGTTTTCT,AAAATGCCGGGCGTAATACG,0,0
CLocus_246851_246,T,C,AACTAATCTCGAG,AACTAACCTCGAG,TGAACAAGTTTTTGGTTGGCCA,0,0
CLocus_2469_130,A,T,.CTGT.ACCGATG,.CTGT.TCCGATG,CGGTAAGACTGACAGTGGATTC,0,0
CLocus_247220_60,C,A,AAAGCCCACTACT,AAAGCCAACTACT,AAGATCATATGCCCGAACTTGG,0,0
CLocus_247256_92,C,T,GCTCGCCGTCCAT,GCTCGCTGTCCAT,CGTCTACTTCGACATCTACGACA,0,0
CLocus_247403_83,G,A,CGAGACGCAGTCC,CGAGACACAGTCC,CTGCTGAACTTCAGGCCTCA,0,0
CLocus_248535_73,G,A,GGCCTTGGGCCTA,GGCCTTAGGCCTA,CCAGCCCAAGTCTGAATGGT,0,0
CLocus_248582_102,G,C,CTGATGGACCTAC,CTGATGCACCTAC,ACGAGGCTACGAGCAAGATG,0,0
CLocus_248727_172,G,A,GTAGGTGGTTTAC,GTAGGTAGTTTAC,AGGTTCAGTAACTGTAGTGACACC,0,0
CLocus_248891_228,T,C,AATGAGTGAGGCT,AATGAGCGAGGCT,TCAGAAACAACGGTGACTTGC,0,0
CLocus_2495_200,G,T,AGATTTGATTGAC,AGATTTTATTGAC,CGGCTCACTCCAAAACTGGA,0,0
CLocus_25193_194,T,G,ACAACTTGCATGC,ACAACTGGCATGC,TGATGCAAGAACAAGGGGCT,0,0
CLocus_2532_194,C,T,GCCGTGCTCCGGG,GCCGTGTTCCGGG,GCTCCGTAACGAGGCCTAC,0,0
CLocus_2571_98,G,A,CTCGTCGACCATT,CTCGTCAACCATT,GTGCTTTAGTTGATGAGTTCCTCG,0,0
CLocus_2578_161,G,A,...GGTGCGTGTA,...GGTACGTGTA,AGCACAAGACCCTTCATGGC,0,0
CLocus_2584_115,C,T,CTAACCCAGAGAC,CTAACCTAGAGAC,ACAACTGAGAGCTCATTCTCACT,0,0
CLocus_26658_210,A,G,AGAAGAAGCACAT,AGAAGAGGCACAT,TCTTGGCACGGAACCAAAGA,0,0
CLocus_2672_131,C,T,CAAGAGCTGCTGC,CAAGAGTTGCTGC,AAAGCGTGGCCAACATCTTC,0,0
CLocus_2690_89,C,T,CAAATACTTTTTC,CAAATATTTTTTC,TTGTGATTCAGATCGAGGTATTCC,0,0
CLocus_2721_121,A,G,TGCATTACTATAT,TGCATTGCTATAT,CGCTGTGATGGTGCCATTTT,0,0
CLocus_273849_103,G,A,TGGAGCGAACAGT,TGGAGCAAACAGT,ATTGCACCGACAGGAACACA,0,0
CLocus_2814_113,C,T,AACACACGGTGAG,AACACATGGTGAG,CCGACAAATATCCGGACGAGA,0,0
CLocus_28215_49,C,A,TTTGAGCGCGCAG,TTTGAGAGCGCAG,GCTGATGAAACAGTAAATCACCTGT,0,0
CLocus_28430_232,A,G,AACACGACTGAAC,AACACGGCTGAAC,CCAACTGGTTTTTTCGTGTTTTTCT,0,0
CLocus_288996_179,C,A,GCTGTTCAGGTGG,GCTGTTAAGGTGG,AGGCAGAAACGCAAGCTTTG,0,0
CLocus_2892_77,C,T,GGGCGACGAGGAC,GGGCGATGAGGAC,TCATGGAGGCTCAAGGAGGG,0,0
CLocus_29009_150,C,T,GGGCCACGGGGAC,GGGCCATGGGGAC,TATGCCAGGCCCAGAGAGTA,0,0
CLocus_2905_74,C,T,AATCAACCACCGT,AATCAATCACCGT,AAGGAAGACCAACTGACGCA,0,0
CLocus_2911_71,A,G,GCACTCAGCGTAG,GCACTCGGCGTAG,ACCACCAAAACAAGGAGGACT,0,0
CLocus_2918_85,C,T,CAGGTACTACAAG,CAGGTATTACAAG,ATGTGGCATGTTCCTCAGGT,0,0
CLocus_2945_129,G,A,CGCAGTGGACCTG,CGCAGTAGACCTG,ACAGCAAGTAGAGCGCAGG,0,0
CLocus_29556_91,C,A,ATGGCACAAATCT,ATGGCAAAAATCT,AGCGCATTGTTCTTCCTTGT,0,0
CLocus_298468_55,G,A,GATTACGGTTTTC,GATTACAGTTTTC,ATCGTTCTATCCGTGTCGATTAC,0,0
CLocus_2987_236,C,T,CTGCTGCGGTGTT,CTGCTGTGGTGTT,TACCTGAAGCGCCAGAAGTG,0,0
CLocus_3028_182,G,A,GTGCAGGCAGTAG,GTGCAGACAGTAG,CTGGGTCATCAGGCGGTG,0,0
CLocus_3055_249,C,A,GAAGAACCTCGTG,GAAGAAACTCGTG,CGGTAGGTTGCCATTGTGTG,0,0
CLocus_3074_118,C,G,CCCCGCCGTCGTG,CCCCGCGGTCGTG,TACGATGTGATCCTCGCGTC,0,0
CLocus_30813_92,A,G,AGAAAGAGGGAAG,AGAAAGGGGGAAG,TCTGAATGATGGCACCCTGT,0,0
CLocus_31106_102,C,T,CGACGGCGGTGGG,CGACGGTGGTGGG,GCTTGAATGTCGCGCGAC,0,0
CLocus_3119_87,G,A,TCTCCTGACGGCC,TCTCCTAACGGCC,TCATGAGCTTCCTCCTATCCCT,0,0
CLocus_3127_88,A,G,GCTCACAACAACT,GCTCACGACAACT,TAGGTCCCGTTTGTCACAGC,0,0
CLocus_3134_116,G,A,CGGAAAGGGATTC,CGGAAAAGGATTC,TCCGCCAAATCCATCGGAAA,0,0
CLocus_3141_70,T,A,TGCAACTGAACTA,TGCAACAGAACTA,TAGAAACAGGTGGGGCCAC,0,0
CLocus_3167_134,C,G,TTGATACAGCCCA,TTGATAGAGCCCA,ACTCATACCGATGGCATCACC,0,0
CLocus_31713_158,G,A,TGCATGGTGGAAT,TGCATGATGGAAT,GCTCTCTGTTGAGTGGTGCA,0,0
CLocus_31884_125,T,C,TCACAGTTGGTGC,TCACAGCTGGTGC,ACCCCATCAAGGAAGGCAAG,0,0
CLocus_3250_155,G,A,ACGATAGTGGTCA,ACGATAATGGTCA,TAAGACCCGCGACCACGATA,0,0
CLocus_32777_113,C,T,CTCCCCCTTTCTG,CTCCCCTTTTCTG,CCAAAGGCTGGCACACATTC,0,0
CLocus_327_195,C,T,AGCACCCGATCAG,AGCACCTGATCAG,GTTCCGGCTCCTCCAGTAC,0,0
CLocus_3297_118,C,T,GGAGTGCCGTCTG,GGAGTGTCGTCTG,CAGTGTGAGGGTCAGGAGGA,0,0
CLocus_3306_116,T,C,AAATAATCGCACC,AAATAACCGCACC,TAAAAGTCAGGCAGGCCCAG,0,0
CLocus_33799_129,C,T,TGTGTGCGTGCGT,TGTGTGTGTGCGT,AGGGGCGATGGTGAGATATG,0,0
CLocus_3414_154,C,T,AAACGCCCATGAC,AAACGCTCATGAC,AGCTTCAGGGGTCAAAACGC,0,0
CLocus_34361_121,T,A,CTTTTCTTGGGCA,CTTTTCATGGGCA,TGCTATCATGTGTGCCTCCC,0,0
CLocus_34588_195,A,G,TAACATAATACAT,TAACATGATACAT,GATGTTGGTTTGCAATCTAGTTGT,0,0
CLocus_351952_47,C,T,GAGCCACGGGGTT,GAGCCATGGGGTT,AAAGCGGTGCAAGAGACTGA,0,0
CLocus_35472_72,T,G,TTGTTTTGTTATC,TTGTTTGGTTATC,GCACGTGGATGCTATCATGA,0,0
CLocus_3558_121,G,A,CTGCTGGAAATGA,CTGCTGAAAATGA,AGATCAAAATGTGTATGACCTGCTG,0,0
CLocus_35973_101,A,C,CCAGTGAACATGG,CCAGTGCACATGG,TGCCACCATTCTCAACAGTCA,0,0
CLocus_3615_94,G,A,TCTCTTGAAGAGC,TCTCTTAAAGAGC,AAGTTTAAGACCAAGTTCCTCTCTT,0,0
CLocus_3624_143,G,T,TGGACAGCTCAAG,TGGACATCTCAAG,TGCTCTTTGTCCTACCTCAGAG,0,0
CLocus_3659_56,G,A,AGTGAGGCGTGGG,AGTGAGACGTGGG,AAGAATCCTCCTGGCGATGG,0,0
CLocus_36_137,T,C,TGGTTCTGGAACT,TGGTTCCGGAACT,CGATGACCTTGAAGAGCTCCA,0,0
CLocus_37208_126,C,G,ATTTCTCTGTGAG,ATTTCTGTGTGAG,TCCGAGGTAGTTCTTGCTGT,0,0
CLocus_3737_73,C,A,ATGTGTCAAAACT,ATGTGTAAAAACT,CTTGCGTGCATGATTGTGGT,0,0
CLocus_37837_87,C,T,TGTGAGCAAACAA,TGTGAGTAAACAA,ACATTTTGCCATCTTGTTCCTGT,0,0
CLocus_37973_124,T,C,ACCTAGTCAAGAA,ACCTAGCCAAGAA,TGTATATCTGGCTCCAACCGC,0,0
CLocus_386_87,C,A,AGCCCGCGCCGGC,AGCCCGAGCCGGC,TCTTCCTTCTCTTCTCCGAACC,0,0
CLocus_38751_115,C,T,CACATCCGCATTT,CACATCTGCATTT,TGCATCTTTGATCATCACAGCT,0,0
CLocus_390344_66,G,T,GTTCATGGTTTTA,GTTCATTGTTTTA,TTCTGATTGCAGTCGGAGCA,0,0
CLocus_3905_75,C,T,AGGTGACGCATGG,AGGTGATGCATGG,TTGCTTCGAGAAGGGGCATT,0,0
CLocus_39064_115,A,C,TGAGGTAACATAA,TGAGGTCACATAA,TCTTCATGTGCTCCGCTGAG,0,0
CLocus_39492_87,C,T,AGTTTGCTGGATG,AGTTTGTTGGATG,CACTTGATGCCTTCCACAAGTT,0,0
CLocus_3954_125,T,C,GCGGGTTGTCAGG,GCGGGTCGTCAGG,ATAATGATACCCAGTACACAGCTG,0,0
CLocus_4011_211,C,A,ACATGGCGCAAAT,ACATGGAGCAAAT,AGGATTCTGCCATGCCGAAA,0,0
CLocus_4062_57,A,G,TTTCCAATAGCTT,TTTCCAGTAGCTT,AATGGTTTCTTAATGTGCTTTTCCA,0,0
CLocus_40861_124,G,A,GAAGAAGCCATCG,GAAGAAACCATCG,TACTGGTCGACGACAAGTTCG,0,0
CLocus_4088_179,G,A,TCACCTGCCTGCT,TCACCTACCTGCT,CCTTTCAATGCTGCCATCACC,0,0
CLocus_4132_114,G,C,CTCGTCGTCACGG,CTCGTCCTCACGG,TCTTCCGCGACTCCAAGAAC,0,0
CLocus_4150_168,G,A,AAAAAGGGCAAGA,AAAAAGAGCAAGA,GTGCGTCCTCTCCATGGAAA,0,0
CLocus_4152_206,T,C,AGGACGTTTGCGT,AGGACGCTTGCGT,TCGATCAGCTTCAGGACTGTG,0,0
CLocus_4160_53,T,C,TAGGCATGAACAG,TAGGCACGAACAG,TGCTTAGCCGTGTGTGTAGT,0,0
CLocus_4163_135,C,T,CCTTCCCCCAGCT,CCTTCCTCCAGCT,GCCCTGCAGATCAAGATCCT,0,0
CLocus_416_61,G,A,GTGGCTGCAGAGT,GTGGCTACAGAGT,TTGAACCTTTCCAGCGCCTT,0,0
CLocus_417003_96,G,T,AAGGAAGCCTGAC,AAGGAATCCTGAC,CCACGAGCAGCAGAAGGAA,0,0
CLocus_4177_116,G,C,GGTCTTGGTTGGT,GGTCTTCGTTGGT,CAGGAGCTGAGTTGTTCCGA,0,0
CLocus_41985_168,T,C,CGGTTGTTGGGGA,CGGTTGCTGGGGA,TTTTTCGCGTGATTGGCCAG,0,0
CLocus_42163_64,G,A,ATGCATGACCTGC,ATGCATAACCTGC,CCGAAGAGCTTGGAGTCTCC,0,0
CLocus_4231_113,G,A,TTCCCAGAAGTTA,TTCCCAAAAGTTA,TGGGAGAGCATTGCATGATTT,0,0
CLocus_428146_61,G,T,GAGAAAGAGAGAG,GAGAAATAGAGAG,TGGTGAAGTAAATGTGCATGAGG,0,0
CLocus_428753_51,C,A,GAAGATCTGGTGG,GAAGATATGGTGG,TGCGGGAGAGGAAGGAAGAT,0,0
CLocus_429668_199,G,T,TTTTCTGCTGCAT,TTTTCTTCTGCAT,ACCGAAGATTTGACTTCCATCCT,0,0
CLocus_4300_135,T,C,TAGATGTTGAACA,TAGATGCTGAACA,AATAATGTTGACGACCGCGC,0,0
CLocus_4348_107,G,A,CGGATCGACGCCG,CGGATCAACGCCG,GAGGGTGAGAAATCGACCGG,0,0
CLocus_4390_94,G,A,TCAGCCGCATTTG,TCAGCCACATTTG,CAACAGAGACCACCTGGATGT,0,0
CLocus_43_224,G,T,TCGGCTGTTGTAG,TCGGCTTTTGTAG,AGTTCACTAGTGGAAAACCGAGT,0,0
CLocus_4425_133,T,A,TGCATCTTCTTAT,TGCATCATCTTAT,GTCTAAAGGGTGTGAGGTGCA,0,0
CLocus_4428_123,C,A,ACTTTGCAAGTCT,ACTTTGAAAGTCT,TGTCATCCCATTCTACCAGGT,0,0
CLocus_4437_78,A,C,CGCATCACCATCA,CGCATCCCCATCA,GACACCAACCTGTGCGCTA,0,0
CLocus_443931_77,G,A,ATGAAGGGTAGAT,ATGAAGAGTAGAT,TGCAACACAAAGTCAATCGTCA,0,0
CLocus_4451_162,C,T,CAGGTGCTATCAC,CAGGTGTTATCAC,TGTGCATAAAGAGTGTTCAGGTG,0,0
CLocus_4479_92,G,A,TATCTCGTGAGAG,TATCTCATGAGAG,TCACCACATTTTACAGCAACTTCT,0,0
CLocus_44906_77,A,C,GGTTGCAAAGGGA,GGTTGCCAAGGGA,TCCTTGATGGAGCACACGTC,0,0
CLocus_451_202,T,C,GTACGTTGCCACT,GTACGTCGCCACT,TCTGACCTTGTCGAAGTGGC,0,0
CLocus_4550_139,A,C,TCTAAAACTATTC,TCTAAACCTATTC,GAGGCCACAATCTCGGGAC,0,0
CLocus_45590_80,T,C,TGCCATTGATTTC,TGCCATCGATTTC,TCTCAGGTACCTGGAACTGTCT,0,0
CLocus_45605_220,C,T,CCTCTCCGTAGCT,CCTCTCTGTAGCT,CAAGCAAAGGAAGGAGTTCACA,0,0
CLocus_4574_198,C,A,TTTGTGCTGTCCC,TTTGTGATGTCCC,ACTGTCAGCTGCTCCCTTTG,0,0
CLocus_4590_52,G,A,CAATCTGCAGCTA,CAATCTACAGCTA,GCTTACAAGCACTGCTTCAACA,0,0
CLocus_4627_218,A,G,TTTCTAAGTGCAA,TTTCTAGGTGCAA,CCTACCTGGGCAAAGTCACT,0,0
CLocus_4651_172,A,G,ATGACGAATATAT,ATGACGGATATAT,ACATACAGCTTGCTATTAGTTGTGA,0,0
CLocus_4654_162,G,A,GAAACAGTCAGGT,GAAACAATCAGGT,TCTCGATGTTTTTTCTTCGTTGCA,0,0
CLocus_4669_44,T,A,TCAAGCTATGTTG,TCAAGCAATGTTG,GAAGCCGAAGCATGCATTCA,0,0
CLocus_46986_83,A,G,TCAAGAACATACT,TCAAGAGCATACT,AACTTGAGCATTCCTAACTTCACT,0,0
CLocus_46_197,G,A,AGACGGGCAGGTT,AGACGGACAGGTT,GCCGGGAGCTTCTCTGATC,0,0
CLocus_47211_84,G,A,TTTCCTGATGCAG,TTTCCTAATGCAG,AGGTCCTGAAGCTGAGATTTCC,0,0
CLocus_4726_137,T,C,TATGATTCCGGCT,TATGATCCCGGCT,CTTGTTTGCCAAGGTGCGAT,0,0
CLocus_4808_55,C,T,ACCCAGCTGAGCT,ACCCAGTTGAGCT,GCATTGGAGTGGAGGACTGT,0,0
CLocus_4854_233,T,C,TAATAATGAGAGG,TAATAACGAGAGG,TCATCATTCCATGCTAGTTGACCT,0,0
CLocus_48900_105,C,T,GAAGAACCTGCAG,GAAGAATCTGCAG,GCAGGTCACATTCCACAGGA,0,0
CLocus_49042_91,T,C,ATCTCCTCTCCAA,ATCTCCCCTCCAA,GCTCTTTCTCCTCCGGTGTC,0,0
CLocus_49702_234,T,A,TGTCTGT.TCTCC,TGTCTGA.TCTCC,TTCCCGCCGGAGAGATAGTT,0,0
CLocus_49805_162,G,T,CCGGCCGCTCCAA,CCGGCCTCTCCAA,CTGGAGGCCGTGGTCATC,0,0
CLocus_5026_85,A,G,GGGACCATCATCT,GGGACCGTCATCT,AGCCCCACCCTCCATTACTA,0,0
CLocus_5043_94,G,A,GTGCCCGTCTACT,GTGCCCATCTACT,GTGGCTGGGAGGAAGTACAT,0,0
CLocus_51162_71,A,G,TACGCAAAGGTGC,TACGCAGAGGTGC,CAGGCTCTCCGAGGACATAC,0,0
CLocus_51296_83,G,A,GACTACGACGACG,GACTACAACGACG,CTCGTGGCAGGAGGAAGAAG,0,0
CLocus_5342_221,G,A,TTTATGGATAATG,TTTATGAATAATG,ACCAGTGCAGATATAGCGTGT,0,0
CLocus_55674_222,C,G,GTGGAGCTGAAGT,GTGGAGGTGAAGT,GTTCGACATGGCTGTTGTGC,0,0
CLocus_56754_53,T,C,TGCACGTACAAGT,TGCACGCACAAGT,CTGCAGTGTAGCCGTGCA,0,0
CLocus_5692_138,T,G,TGCGTTTGACGCT,TGCGTTGGACGCT,GTCTGATGTGGCACCCGTC,0,0
CLocus_58970_130,C,T,CCGCAGCCCTGAG,CCGCAGTCCTGAG,AGACCATGGTGTGCTGGATG,0,0
CLocus_5955_124,C,T,TTTATGCAGTTTT,TTTATGTAGTTTT,GCTGCAGAAACACAAAAAACAGT,0,0
CLocus_59563_41,A,G,CGGTGGACGGAGA,CGGTGGGCGGAGA,GCAGTTAACGGAGCGGTGG,0,0
CLocus_6123_109,G,A,GAGATAGCCTTCG,GAGATAACCTTCG,TGCATGCCAAAAGATTCAAGGT,0,0
CLocus_61250_204,A,G,CAAAGTACATAAG,CAAAGTGCATAAG,TGTGTACTTCTTTTGCCATCACA,0,0
CLocus_6151_106,A,G,TGCACCACCCCTC,TGCACCGCCCCTC,CCGGCTTTACAAAGGGAGGT,0,0
CLocus_62865_113,C,T,GTATCCCGCCGGC,GTATCCTGCCGGC,ACTTGATCACGTACGCCTCC,0,0
CLocus_6303_234,G,A,ATTCTCGCCGATC,ATTCTCACCGATC,CCACCCCTTCTAACTGCTCG,0,0
CLocus_6630_102,G,C,TGTCTGGTACCTT,TGTCTGCTACCTT,TCCAAACTCGTTTTGCTATTGTCT,0,0
CLocus_670_42,A,T,TTTGACAGCCGCG,TTTGACTGCCGCG,GTTGCTGGCTTTGGCTTCTC,0,0
CLocus_696_107,T,C,CATCATTCCTTAA,CATCATCCCTTAA,ACTCCAACCGATCCATACATCA,0,0
CLocus_701_76,C,T,CGCTTTCGAACTC,CGCTTTTGAACTC,TGAACTTGAACGTTTTTTCGCTT,0,0
CLocus_7067_110,C,T,GTGCTTCGCTGCG,GTGCTTTGCTGCG,TACATAGAGCCGCCGTCATG,0,0
CLocus_7086_202,G,A,AAAACAGCAGCGC,AAAACAACAGCGC,CAGTGAGCAGCAGAACCATG,0,0
CLocus_7102_62,G,T,AAGGCTGCAGGGG,AAGGCTTCAGGGG,GTTCTGACCGTCCGTGAGAA,0,0
CLocus_72213_51,G,T,TGGGCAGCACATT,TGGGCATCACATT,CGTCCCTATATATACCTTACCCTCT,0,0
CLocus_739561_124,C,T,TGCACTCCACATA,TGCACTTCACATA,AGCCCACTGTCTATGTTTCCG,0,0
CLocus_75522_90,C,G,GCTCCGCCCGCAA,GCTCCGGCCGCAA,ACCGTGTTACCTGTCCTCAC,0,0
CLocus_77710_133,A,T,CCTTGTATACACC,CCTTGTTTACACC,GACCTCCACATACATCCTAACCA,0,0
CLocus_780_76,T,C,ATTGCGTGGCCTC,ATTGCGCGGCCTC,CTTTTGATCCCGATGGTTGTCC,0,0
CLocus_78254_116,G,A,CGCCGCGTCCCGC,CGCCGCATCCCGC,TCCTTAGCGGTGTTGTGCTT,0,0
CLocus_79682_49,C,T,CGGCGTCGCCTGT,CGGCGTTGCCTGT,TGAAGAGCTATCATACGGCGT,0,0
CLocus_7_51,T,A,TGAGCCTACAGGG,TGAGCCAACAGGG,TGGAGGCTGTGAAGACCTTG,0,0
CLocus_804357_69,G,A,GCCAGCGCTGCCG,GCCAGCACTGCCG,TCGATCTTGACGACGCTGG,0,0
CLocus_80_201,G,A,GCCGCCGGGTTCC,GCCGCCAGGTTCC,CTCCTGGAGATGGACGCC,0,0
CLocus_85444_50,G,A,GCCCCTGTGCCGA,GCCCCTATGCCGA,CAACGGCAAGGGCAAGAAG,0,0
CLocus_856_48,C,T,CCTTGCCCAGGCT,CCTTGCTCAGGCT,ACAAACAGAATCCAAGCTCACC,0,0
CLocus_85896_123,G,A,GGGTAGGCGACGA,GGGTAGACGACGA,CCTTCCGTATGCTACCATTAGTT,0,0
CLocus_861_67,G,A,GACGCCGCCAAGG,GACGCCACCAAGG,CCACCGTCTTCAGCACCTC,0,0
CLocus_8637_157,C,T,TTGGGGCTAGGGC,TTGGGGTTAGGGC,TGGGGGAGAGAGGGTTGAAT,0,0
CLocus_863_248,C,T,CAGACGCGACCGG,CAGACGTGACCGG,GCGGCATCATAGGCATGGAA,0,0
CLocus_87197_43,C,G,TATTTACAACAGA,TATTTAGAACAGA,TTGTTCAAGGTAGACCGGGA,0,0
CLocus_87285_50,T,C,CCGTAGTCGAGCA,CCGTAGCCGAGCA,GAGTAGGTGACGCCATCCG,0,0
CLocus_88966_107,C,T,ATCTGCCAGACTC,ATCTGCTAGACTC,TCCACTTCTGCAGAGTTATTGATCT,0,0
CLocus_8901_129,C,T,TGTGACCCTTTTT,TGTGACTCTTTTT,CAGGGTTGCAGCCATTTGTG,0,0
CLocus_897_216,G,C,ACCTGTGCCTTAT,ACCTGTCCCTTAT,TCCAGCACCGGAACAAATGT,0,0
CLocus_901_59,T,C,GTAAAATCACACA,GTAAAACCACACA,CGAAACAATCTTTCGCGTGTAA,0,0
CLocus_90634_174,A,C,CGCAGAAGTGAAA,CGCAGACGTGAAA,TCAAGGACCAAGTTCCAAGTCT,0,0
CLocus_90864_74,A,T,ACATACATGTATT,ACATACTTGTATT,TAAACTGGTGCTGGCTGAGG,0,0
CLocus_908_150,A,G,GGTCCAATGGTCA,GGTCCAGTGGTCA,AAAGCTTCATTTTGAGGGTCCA,0,0
CLocus_92050_122,G,C,GGAGAAGGAAGAC,GGAGAACGAAGAC,ATGGTTTCCGCTATCGATGC,0,0
CLocus_921_79,C,T,TTTTGGCGTTCTC,TTTTGGTGTTCTC,TCGACGTGTACGCGTATATAAAA,0,0
CLocus_93655_176,G,A,GTGGGTGCGCACG,GTGGGTACGCACG,AAGTACGGCAAGAAGTGGGT,0,0
CLocus_9370_126,C,T,AACTTGCT.GCTG,AACTTGTT.GCTG,ATGGCCAAGGTGCTTGACAA,0,0
CLocus_94037_41,A,G,TGAGGTACAACAT,TGAGGTGCAACAT,TGCAGGGATGGCAAGAAGC,0,0
CLocus_94536_134,C,T,TGCCT.CGGTATG,TGCCT.TGGTATG,CCAGCTTCTCGTTGTTCAAGC,0,0
CLocus_94907_111,T,A,TTGATGTCCATGC,TTGATGACCATGC,CGCATGACAGTTCATCCATTGA,0,0
CLocus_9585_43,A,G,AGCCTTAGAGCCT,AGCCTTGGAGCCT,GATGGCCCAGTCAGTCCAAG,0,0
CLocus_966_142,C,T,CTTGTGCGGACAT,CTTGTGTGGACAT,AATGGATCATACCGAGTCTTGTG,0,0
CLocus_991819_166,C,T,CACCGCCGCGCAG,CACCGCTGCGCAG,CCAGGTGATGCAGATGCCA,0,0
CLocus_99758_112,T,C,TTCAGGTACGCCC,TTCAGGCACGCCC,AGCCCGTCAGACTTGTGTTT,0,0