Sample,PlateID,i7_name,i7_sequence,i5_name,i5_sequence
30_642_3,1_1A,6,GCCAAT,A01,AAACGG
438_5ER_2,1_1B,6,GCCAAT,B01,AGTAGG
414_10GR_2,1_1C,6,GCCAAT,C01,CGAGGC
228_6B_1,1_1D,6,GCCAAT,D01,GCAGAT
62_622_1,1_1E,6,GCCAAT,E01,TAAGCT
134_59W_1,1_1F,6,GCCAAT,F01,TTATGA
41_699_1,1_1G,6,GCCAAT,G01,ACTGGC
214_1P_1,1_1H,6,GCCAAT,H01,CCCGGT
210_17B_1,1_2A,6,GCCAAT,A02,GAACCA
240_6207_1,1_2B,6,GCCAAT,B02,GTATCC
5_200750_1,1_2C,6,GCCAAT,C02,TGAACC
272_200776_6,1_2D,6,GCCAAT,D02,ACAGCG
45_531_3,1_2E,6,GCCAAT,E02,CAATCG
12_48PR_1,1_2F,6,GCCAAT,F02,CTGCGA
65_655_2,1_2G,6,GCCAAT,G02,GGGCGC
238_680_4,1_2H,6,GCCAAT,H02,TCGATT
288_669_5,1_3A,6,GCCAAT,A03,AAGACG
244_680_1,1_3B,6,GCCAAT,B03,ATCAAA
407_15PL_2,1_3C,6,GCCAAT,C03,CGGTCC
38_676_2,1_3D,6,GCCAAT,D03,GCGACC
328_6149_2,1_3E,6,GCCAAT,E03,TACGGG
246_13B_1,1_3F,6,GCCAAT,F03,TTGAGC
354_15W_1,1_3G,6,GCCAAT,G03,AGGGTC
29_628_2,1_3H,6,GCCAAT,H03,CCGCAT
241_200756_1,1_4A,6,GCCAAT,A04,GAGAGA
46_613_2,1_4B,6,GCCAAT,B04,GTGTAA
39_687_2,1_4C,6,GCCAAT,C04,TGCTTA
25_6218_2F,1_4D,6,GCCAAT,D04,ACCCCC
164_664_1,1_4E,6,GCCAAT,E04,CATACT
37_673_2F,1_4F,6,GCCAAT,F04,CTTTGC
150_6152_3,1_4G,6,GCCAAT,G04,GGTTTG
425_17GR_2,1_4H,6,GCCAAT,H04,TCTCGG
129_677_1,1_5A,6,GCCAAT,A05,AATGAG
215_2PR_1,1_5B,6,GCCAAT,B05,ATTCCG
35_669_1F,1_5C,6,GCCAAT,C05,CTACAG
9_24P_1,1_5D,6,GCCAAT,D05,GGACTT
184_86GR_12,1_5E,6,GCCAAT,E05,TCAAAG
291_15P_1,1_5F,6,GCCAAT,F05,AACGTT
19_6152_3,1_5G,6,GCCAAT,G05,AGTTAA
356_6GR_,1_5H,6,GCCAAT,H05,CGCAGA
378_20PL_2,1_6A,6,GCCAAT,A06,GCATGG
33_664_2F,1_6B,6,GCCAAT,B06,TAATTC
404_12PL_1,1_6C,6,GCCAAT,C06,TTCCGT
320_7W_2,1_6D,6,GCCAAT,D06,AGCCAT
342_6149_5,1_6E,6,GCCAAT,E06,CCCTAA
53_200788_2,1_6F,6,GCCAAT,F06,GACGAC
348_17P_1,1_6G,6,GCCAAT,G06,GTCATC
236_15B_1,1_6H,6,GCCAAT,H06,TGACAA
373_17W_2,1_7A,6,GCCAAT,A07,ACATAC
108_532_1,1_7B,6,GCCAAT,B07,CACCTC
15_67_2,1_7C,6,GCCAAT,C07,CTGGTT
32_661_1,1_7D,6,GCCAAT,D07,GGGGCG
273_4P_1,1_7E,6,GCCAAT,E07,TCGCCA
264_688_1,1_7F,6,GCCAAT,F07,AAGCTA
379_200756_4,1_7G,6,GCCAAT,G07,ATGCAC
447_16ER_1,1_7H,6,GCCAAT,H07,CGTCTA
225_16PR_1,1_8A,6,GCCAAT,A08,GCGCTG
322_6W_1,1_8B,6,GCCAAT,B08,TAGTAT
325_18P_1,1_8C,6,GCCAAT,C08,TTTAAT
321_1W_1,1_8D,6,GCCAAT,D08,AGGTGT
44_200776_3,1_8E,6,GCCAAT,E08,CCTAAC
279_688_3,1_8F,6,GCCAAT,F08,AATCGT
2_20078_1,1_8G,6,GCCAAT,G08,GTTGGA
20_617_3,1_8H,6,GCCAAT,H08,TGGGGA
175_67_1,1_9A,6,GCCAAT,A09,ACTCTT
83_6152_1F,1_9B,6,GCCAAT,B09,CCATTT
432_19GR_3,1_9C,6,GCCAAT,C09,GAAATG
313_3P_1,1_9D,6,GCCAAT,D09,GTAAGT
112_535_1,1_9E,6,GCCAAT,E09,TCTTCT
21_6184_1,1_9F,6,GCCAAT,F09,ACAAGA
276_10P_1,1_9G,6,GCCAAT,G09,CAAAAA
257_6136_8,1_9H,6,GCCAAT,H09,CTCGCC
219_20B_1,1_10A,6,GCCAAT,A10,GGCAAG
250_7B_1,1_10B,6,GCCAAT,B10,TCCTGC
347_11PI_2,1_10C,6,GCCAAT,C10,AACTGA
123_617_1,1_10D,6,GCCAAT,D10,ATAGTA
312_8PR_1,1_10E,6,GCCAAT,E10,CGCGTG
298_6136_7,1_10F,6,GCCAAT,F10,GCCGTA
393_6ER_1,1_10G,6,GCCAAT,G10,TACACA
10_24PL_3,1_10H,6,GCCAAT,H10,TTCTAG
3_200712_3,1_11A,6,GCCAAT,A11,AGCGCA
381_3PI_3,1_11B,6,GCCAAT,B11,CCGAGG
224_14B_1,1_11C,6,GCCAAT,C11,GACTCT
4_200724_1,1_11D,6,GCCAAT,D11,GTGCCT
222_19B_1,1_11E,6,GCCAAT,E11,TGCCCG
205_6202_1,1_11F,6,GCCAAT,F11,ACCATG
403_1GR_1,1_11G,6,GCCAAT,G11,CAGGCA
11_48P_2,1_11H,6,GCCAAT,H11,CTTATG
388_13PI_3,1_12A,6,GCCAAT,A12,GGTACA
359_200776_4,1_12B,6,GCCAAT,B12,TCGGAC
26_6221_3F,1_12C,6,GCCAAT,C12,AATATC
6_200762_2,1_12D,6,GCCAAT,D12,ATGTTG
335_3W_1,1_12E,6,GCCAAT,E12,CGTGAT
31_655_1,1_12F,6,GCCAAT,F12,GCTCAA
178_693_2,1_12G,6,GCCAAT,G12,TATCAC
22_6190_2,1_12H,6,GCCAAT,H12,TTTGTC
368_1PI_2,2_1A,12,CTTGTA,A01,AAACGG
296_688_2,2_1B,12,CTTGTA,B01,AGTAGG
16_6103_3F,2_1C,12,CTTGTA,C01,CGAGGC
183_86GR_20,2_1D,12,CTTGTA,D01,GCAGAT
409_4W_2,2_1E,12,CTTGTA,E01,TAAGCT
18_6136_3F,2_1F,12,CTTGTA,F01,TTATGA
28_624_1,2_1G,12,CTTGTA,G01,ACTGGC
422_18PL_2,2_1H,12,CTTGTA,H01,CCCGGT
256_3B_3,2_2A,12,CTTGTA,A02,GAACCA
383_1PL_2,2_2B,12,CTTGTA,B02,GTATCC
42_69_2,2_2C,12,CTTGTA,C02,TGAACC
107_531_1,2_2D,12,CTTGTA,D02,ACAGCG
84_628_1,2_2E,12,CTTGTA,E02,CAATCG
52_200762_1,2_2F,12,CTTGTA,F02,CTGCGA
434_7GR_1,2_2G,12,CTTGTA,G02,GGGCGC
13_49PR_3F,2_2H,12,CTTGTA,H02,TCGATT
157_642_1,2_3A,12,CTTGTA,A03,AAGACG
171_673_1,2_3B,12,CTTGTA,B03,ATCAAA
34_665_3,2_3C,12,CTTGTA,C03,CGGTCC
318_69_3,2_3D,12,CTTGTA,D03,GCGACC
351_16PI_1,2_3E,12,CTTGTA,E03,TACGGG
341_6207_2,2_3F,12,CTTGTA,F03,TTGAGC
437_15ER_1,2_3G,12,CTTGTA,G03,AGGGTC
251_680_5,2_3H,12,CTTGTA,H03,CCGCAT
43_86GGR_2,2_4A,12,CTTGTA,A04,GAGAGA
68_665_2,2_4B,12,CTTGTA,B04,GTGTAA
58_6103_1,2_4C,12,CTTGTA,C04,TGCTTA
23_6194_1,2_4D,12,CTTGTA,D04,ACCCCC
299_11P_1,2_4E,12,CTTGTA,E04,CATACT
200_15PI_1,2_4F,12,CTTGTA,F04,CTTTGC
47_616_1,2_4G,12,CTTGTA,G04,GGTTTG
239_14PR_1,2_4H,12,CTTGTA,H04,TCTCGG
329_17PL_1,2_5A,12,CTTGTA,A05,AATGAG
36_671_1,2_5B,12,CTTGTA,B05,ATTCCG
248_200735_4,2_5C,12,CTTGTA,C05,CTACAG
40_693_1,2_5D,12,CTTGTA,D05,GGACTT
223_10B_1,2_5E,12,CTTGTA,E05,TCAAAG
405_9PL_1,2_5F,12,CTTGTA,F05,AACGTT
105_20078_1,2_5G,12,CTTGTA,G05,AGTTAA
333_19P_1,2_5H,12,CTTGTA,H05,CGCAGA
115_6116_2,2_6A,12,CTTGTA,A06,GCATGG
309_6202_1,2_6B,12,CTTGTA,B06,TAATTC
361_10PI_1,2_6C,12,CTTGTA,C06,TTCCGT
231_10PR_1,2_6D,12,CTTGTA,D06,AGCCAT
336_6225_2,2_6E,12,CTTGTA,E06,CCCTAA
48_627_1,2_6F,12,CTTGTA,F06,GACGAC
66_656_1,2_6G,12,CTTGTA,G06,GTCATC
338_12PI_2,2_6H,12,CTTGTA,H06,TGACAA
395_10PL_2,2_7A,12,CTTGTA,A07,ACATAC
17_6130_2F,2_7B,12,CTTGTA,B07,CACCTC
49_200712_2,2_7C,12,CTTGTA,C07,CTGGTT
267_200735_1,2_7D,12,CTTGTA,D07,GGGGCG
292_19PR_1,2_7E,12,CTTGTA,E07,TCGCCA
36_671_2,2_7F,12,CTTGTA,F07,AAGCTA
59_6130_1,2_7G,12,CTTGTA,G07,ATGCAC
1_18PR_1,2_7H,12,CTTGTA,H07,CGTCTA
262_669_3,2_8A,12,CTTGTA,A08,GCGCTG
51_200750_3,2_8B,12,CTTGTA,B08,TAGTAT
114_6116_1,2_8C,12,CTTGTA,C08,TTTAAT
436_2GR_1,2_8D,12,CTTGTA,D08,AGGTGT
73_687_1,2_8E,12,CTTGTA,E08,CCTAAC
24_6211_1,2_8F,12,CTTGTA,F08,AATCGT
364_200758_2,2_8G,12,CTTGTA,G08,GTTGGA
345_19W_6,2_8H,12,CTTGTA,H08,TGGGGA
14_59W_3F,2_9A,12,CTTGTA,A09,ACTCTT
8_200788_1,2_9B,12,CTTGTA,B09,CCATTT
27_622_1,2_9C,12,CTTGTA,C09,GAAATG
420_11PL_1,2_9D,12,CTTGTA,D09,GTAAGT
237_11PR_3,2_9E,12,CTTGTA,E09,TCTTCT
90_690_1,2_9F,12,CTTGTA,F09,ACAAGA
440_1ER_1,2_9G,12,CTTGTA,G09,CAAAAA
7_200764_1,2_9H,12,CTTGTA,H09,CTCGCC
252_6225_1,2_10A,12,CTTGTA,A10,GGCAAG